{"cameraMode":{"drawMode":0,"name":"Shaded","section":"Shading Mode"},"sceneLighting":false,"audioPlay":false,"sceneViewState":{"m_AlwaysRefresh":false,"showFog":true,"showSkybox":false,"showFlares":true,"showImageEffects":true,"showParticleSystems":true,"showVisualEffectGraphs":true,"m_FxEnabled":true},"in2DMode":false,"pivot":{"x":-0.16698256134986878,"y":0.9910178184509277,"z":0.6237694621086121},"rotation":{"x":-0.12172771245241165,"y":0.7891847491264343,"z":-0.1659792959690094,"w":-0.5786701440811157},"size":1.0480353832244874,"orthographic":false}