{"cameraMode":{"drawMode":0,"name":"Shaded","section":"Shading Mode"},"sceneLighting":true,"audioPlay":false,"sceneViewState":{"m_AlwaysRefresh":false,"showFog":true,"showSkybox":true,"showFlares":true,"showImageEffects":true,"showParticleSystems":true,"showVisualEffectGraphs":true,"m_FxEnabled":true},"in2DMode":false,"pivot":{"x":1.363919734954834,"y":-4.791990280151367,"z":5.2018914222717289},"rotation":{"x":0.07751936465501785,"y":0.8829072713851929,"z":-0.4356767237186432,"w":0.15710774064064027},"size":30.505367279052736,"orthographic":false}